Name,Image
Zaid Abdul-Aziz,https://images.icon-icons.com/348/PNG/512/NBA_35964.png
Tariq Abdul-Wahad,https://images.icon-icons.com/348/PNG/512/NBA_35964.png
Kareem Abdul-Jabbar,https://www.basketball-reference.com/req/202106291/images/headshots/abdulka01.jpg
Mahmoud Abdul-Rauf,https://images.icon-icons.com/348/PNG/512/NBA_35964.png
Tom Abernethy,https://images.icon-icons.com/348/PNG/512/NBA_35964.png
Alaa Abdelnaby,https://images.icon-icons.com/348/PNG/512/NBA_35964.png
Forest Able,https://images.icon-icons.com/348/PNG/512/NBA_35964.png
Alex Abrines,https://images.icon-icons.com/348/PNG/512/NBA_35964.png
John Abramovic,https://images.icon-icons.com/348/PNG/512/NBA_35964.png
Shareef Abdur-Rahim,https://images.icon-icons.com/348/PNG/512/NBA_35964.png
Mark Acres,https://images.icon-icons.com/348/PNG/512/NBA_35964.png
Alex Acker,https://images.icon-icons.com/348/PNG/512/NBA_35964.png
Donald Ackerman,https://images.icon-icons.com/348/PNG/512/NBA_35964.png
Alvan Adams,https://www.basketball-reference.com/req/202106291/images/headshots/adamsal01.jpg
Charles Acton,https://images.icon-icons.com/348/PNG/512/NBA_35964.png
Precious Achiuwa,https://images.icon-icons.com/348/PNG/512/NBA_35964.png
Quincy Acy,https://images.icon-icons.com/348/PNG/512/NBA_35964.png
Don Adams,https://images.icon-icons.com/348/PNG/512/NBA_35964.png
Jaylen Adams,https://www.basketball-reference.com/req/202106291/images/headshots/adamsja01.jpg
Jordan Adams,https://www.basketball-reference.com/req/202106291/images/headshots/adamsjo01.jpg
Steven Adams,https://www.basketball-reference.com/req/202106291/images/headshots/adamsst01.jpg
Michael Adams,https://www.basketball-reference.com/req/202106291/images/headshots/adamsmi01.jpg
Hassan Adams,https://images.icon-icons.com/348/PNG/512/NBA_35964.png
Rick Adelman,https://www.basketball-reference.com/req/202106291/images/headshots/adelmri01.jpg
Bam Adebayo,https://www.basketball-reference.com/req/202106291/images/headshots/adebaba01.jpg
Rafael Addison,https://images.icon-icons.com/348/PNG/512/NBA_35964.png
Deng Adel,https://images.icon-icons.com/348/PNG/512/NBA_35964.png
Jeff Adrien,https://www.basketball-reference.com/req/202106291/images/headshots/adrieje01.jpg
Arron Afflalo,https://www.basketball-reference.com/req/202106291/images/headshots/afflaar01.jpg
Maurice Ager,https://www.basketball-reference.com/req/202106291/images/headshots/agerma01.jpg
Blake Ahearn,https://www.basketball-reference.com/req/202106291/images/headshots/ahearbl01.jpg
Danny Ainge,https://www.basketball-reference.com/req/202106291/images/headshots/aingeda01.jpg
Ochai Agbaji,https://images.icon-icons.com/348/PNG/512/NBA_35964.png
Mark Aguirre,https://images.icon-icons.com/348/PNG/512/NBA_35964.png
Josh Akognon,https://www.basketball-reference.com/req/202106291/images/headshots/akognjo01.jpg
Henry Akin,https://images.icon-icons.com/348/PNG/512/NBA_35964.png
DeVaughn Akoon-Purcell,https://www.basketball-reference.com/req/202106291/images/headshots/akoonde01.jpg
Solomon Alabi,https://www.basketball-reference.com/req/202106291/images/headshots/alabiso01.jpg
Gary Alcorn,https://images.icon-icons.com/348/PNG/512/NBA_35964.png
Santi Aldama,https://www.basketball-reference.com/req/202106291/images/headshots/aldamsa01.jpg
Mark Alarie,https://images.icon-icons.com/348/PNG/512/NBA_35964.png
Cole Aldrich,https://www.basketball-reference.com/req/202106291/images/headshots/aldrico01.jpg
Alexis Ajinca,https://images.icon-icons.com/348/PNG/512/NBA_35964.png
Furkan Aldemir,https://images.icon-icons.com/348/PNG/512/NBA_35964.png
Cliff Alexander,https://www.basketball-reference.com/req/202106291/images/headshots/alexacl01.jpg
Cory Alexander,https://images.icon-icons.com/348/PNG/512/NBA_35964.png
Gary Alexander,https://images.icon-icons.com/348/PNG/512/NBA_35964.png
LaMarcus Aldridge,https://images.icon-icons.com/348/PNG/512/NBA_35964.png
Courtney Alexander,https://images.icon-icons.com/348/PNG/512/NBA_35964.png
Joe Alexander,https://images.icon-icons.com/348/PNG/512/NBA_35964.png
Kyle Alexander,https://www.basketball-reference.com/req/202106291/images/headshots/kuzmaky01.jpg
Ty-Shon Alexander,https://www.basketball-reference.com/req/202106291/images/headshots/alexaty01.jpg
Rawle Alkins,https://www.basketball-reference.com/req/202106291/images/headshots/alkinra01.jpg
Bob Allen,https://www.basketball-reference.com/req/202106291/images/headshots/mcadobo01.jpg
Chuck Aleksinas,https://images.icon-icons.com/348/PNG/512/NBA_35964.png
Grayson Allen,https://images.icon-icons.com/348/PNG/512/NBA_35964.png
Victor Alexander,https://images.icon-icons.com/348/PNG/512/NBA_35964.png
Jarrett Allen,https://images.icon-icons.com/348/PNG/512/NBA_35964.png
Nickeil Alexander-Walker,https://images.icon-icons.com/348/PNG/512/NBA_35964.png
Steve Alford,https://images.icon-icons.com/348/PNG/512/NBA_35964.png
Kadeem Allen,https://www.basketball-reference.com/req/202106291/images/headshots/allenka01.jpg
Lucius Allen,https://www.basketball-reference.com/req/202106291/images/headshots/allenlu01.jpg
Jerome Allen,https://images.icon-icons.com/348/PNG/512/NBA_35964.png
Ray Allen,https://www.basketball-reference.com/req/202106291/images/headshots/allenra02.jpg
Malik Allen,https://www.basketball-reference.com/req/202106291/images/headshots/allenma01.jpg
Randy Allen,https://images.icon-icons.com/348/PNG/512/NBA_35964.png
Lavoy Allen,https://images.icon-icons.com/348/PNG/512/NBA_35964.png
Tony Allen,https://www.basketball-reference.com/req/202106291/images/headshots/allento01.jpg
Darrell Allums,https://images.icon-icons.com/348/PNG/512/NBA_35964.png
Morris Almond,https://www.basketball-reference.com/req/202106291/images/headshots/almonmo01.jpg
Derrick Alston,https://images.icon-icons.com/348/PNG/512/NBA_35964.png
Jose Alvarado,https://www.basketball-reference.com/req/202106291/images/headshots/alvarjo01.jpg
Rafer Alston,https://images.icon-icons.com/348/PNG/512/NBA_35964.png
Odis Allison,https://images.icon-icons.com/348/PNG/512/NBA_35964.png
Peter Aluma,https://images.icon-icons.com/348/PNG/512/NBA_35964.png
Al-Farouq Aminu,https://www.basketball-reference.com/req/202106291/images/headshots/aminual01.jpg
Ashraf Amaya,https://images.icon-icons.com/348/PNG/512/NBA_35964.png
Lance Allred,https://images.icon-icons.com/348/PNG/512/NBA_35964.png
Bob Anderegg,https://images.icon-icons.com/348/PNG/512/NBA_35964.png
John Amaechi,https://images.icon-icons.com/348/PNG/512/NBA_35964.png
Chris Andersen,https://www.basketball-reference.com/req/202106291/images/headshots/anderch01.jpg
David Andersen,https://www.basketball-reference.com/req/202106291/images/headshots/anderda03.jpg
Alan Anderson,https://www.basketball-reference.com/req/202106291/images/headshots/anderal01.jpg
Daniel Anderson,https://images.icon-icons.com/348/PNG/512/NBA_35964.png
Cliff Anderson,https://images.icon-icons.com/348/PNG/512/NBA_35964.png
Lou Amundson,https://images.icon-icons.com/348/PNG/512/NBA_35964.png
Eric Anderson,https://images.icon-icons.com/348/PNG/512/NBA_35964.png
Derek Anderson,https://www.basketball-reference.com/req/202106291/images/headshots/anderde01.jpg
Antonio Anderson,https://images.icon-icons.com/348/PNG/512/NBA_35964.png
Dwight Anderson,https://images.icon-icons.com/348/PNG/512/NBA_35964.png
Greg Anderson,https://images.icon-icons.com/348/PNG/512/NBA_35964.png
James Anderson,https://www.basketball-reference.com/req/202106291/images/headshots/anderry01.jpg